<?xml version="1.0" encoding="UTF-8"?>
<theme xmlns="http://www.opensource-socialnetwork.org/theme/v/3.0">
    <name>TayonaPink</name>
    <id>TayonaPink</id>
    <author>Sri Visjaya Yogi</author>
    <author_url>http://www.opensource-socialnetwork.org</author_url>	
    <description>Tayona Social developed responsive theme optimized for mobile usability</description>
    <license>Open Source Social Network License (OSSN LICENSE)</license>    
	<license_url>http://www.opensource-socialnetwork.org/licence</license_url>
    <version>1.3</version>
	<requires>
		<type>ossn_version</type>
		<version>5.4</version>
	</requires>
	<requires>
		<type>ossn_component</type>
		<name>TouchScreenCoverImageDragging</name>
		<version>1.2</version>
	</requires>	
</theme>
